{"cameraMode":{"drawMode":0,"name":"Shaded","section":"Shading Mode"},"sceneLighting":true,"audioPlay":false,"sceneViewState":{"m_AlwaysRefresh":false,"showFog":true,"showSkybox":true,"showFlares":true,"showImageEffects":true,"showParticleSystems":true,"showVisualEffectGraphs":true,"m_FxEnabled":true},"in2DMode":false,"pivot":{"x":400.06854248046877,"y":43.634700775146487,"z":94.43145751953125},"rotation":{"x":0.027448758482933046,"y":-0.7368251085281372,"z":0.029904503375291826,"w":0.6749042868614197},"size":134.0870361328125,"orthographic":true}