{"cameraMode":{"drawMode":0,"name":"Shaded","section":"Shading Mode"},"sceneLighting":true,"audioPlay":false,"sceneViewState":{"m_AlwaysRefresh":false,"showFog":true,"showSkybox":true,"showFlares":true,"showImageEffects":true,"showParticleSystems":true,"showVisualEffectGraphs":true,"m_FxEnabled":true},"in2DMode":false,"pivot":{"x":266.98248291015627,"y":209.2843017578125,"z":140.83575439453126},"rotation":{"x":-0.07117503136396408,"y":0.7127212285995483,"z":-0.07296329736709595,"w":-0.6940754055976868},"size":205.57542419433595,"orthographic":true}